property_id,region_id,price_zar,review_count,demand_score,listing_type,price_tier,has_promo_flag,discount_pct,scraped_date
74554.0,1,800.0,12.0,1.11,Lodge,Mid-Range,False,,2026-06-27
81473.0,1,1700.0,60.0,6.67,Self Catering,Premium,False,,2026-06-27
45350.0,1,893.0,12.0,1.11,B&B,Mid-Range,False,,2026-06-27
105074.0,1,1215.0,50.0,5.56,Self Catering,Premium,False,,2026-06-27
56678.0,1,1858.0,13.0,1.44,Self Catering,Premium,False,,2026-06-27
101231.0,1,2000.0,17.0,1.89,Self Catering,Premium,False,,2026-06-27
73886.0,1,1250.0,36.0,4.0,Self Catering,Premium,False,,2026-06-27
109943.0,1,1755.0,2.0,0.22,Hotel,Premium,False,,2026-06-27
72706.0,1,4500.0,39.0,5.42,Self Catering,Luxury,False,,2026-06-27
40980.0,1,1150.0,44.0,4.07,Guest House,Mid-Range,False,,2026-06-27
113273.0,2,1300.0,10.0,1.11,Self Catering,Premium,False,,2026-06-27
15888.0,2,2750.0,16.0,2.22,Self Catering,Luxury,False,,2026-06-27
80060.0,2,825.0,105.0,9.72,Guest House,Mid-Range,False,,2026-06-27
50220.0,2,2360.0,45.0,5.0,Self Catering,Premium,False,,2026-06-27
129211.0,2,966.0,12.0,1.11,Self Catering,Mid-Range,False,,2026-06-27
15376.0,2,2200.0,35.0,3.89,Guest House,Premium,False,,2026-06-27
136239.0,2,2334.0,23.0,2.56,Self Catering,Premium,False,,2026-06-27
30395.0,2,1500.0,124.0,13.78,Self Catering,Premium,False,,2026-06-27
251.0,2,920.0,47.0,4.35,Guest House,Mid-Range,False,,2026-06-27
93962.0,2,1101.0,152.0,14.07,Guest House,Mid-Range,False,,2026-06-27
1654.0,3,810.0,1080.0,100.0,Lodge,Mid-Range,False,,2026-06-27
45652.0,3,1645.0,74.0,8.22,Self Catering,Premium,False,,2026-06-27
3028.0,3,732.0,447.0,41.39,Guest House,Mid-Range,False,,2026-06-27
120997.0,3,840.0,32.0,2.96,Guest House,Mid-Range,False,,2026-06-27
126570.0,3,1680.0,13.0,1.44,Self Catering,Premium,False,,2026-06-27
110959.0,3,1085.0,124.0,11.48,Guest House,Mid-Range,False,,2026-06-27
116547.0,3,853.0,12.0,1.11,Self Catering,Mid-Range,False,,2026-06-27
107930.0,3,625.0,17.0,1.26,Self Catering,Budget,True,50.0,2026-06-27
85285.0,3,563.0,66.0,4.89,Guest House,Budget,False,,2026-06-27
10720.0,3,1200.0,412.0,45.78,Self Catering,Premium,False,,2026-06-27
103032.0,4,1234.0,36.0,4.0,Self Catering,Premium,False,,2026-06-27
12777.0,4,2400.0,61.0,6.78,Self Catering,Premium,False,,2026-06-27
113116.0,4,2700.0,26.0,3.61,Self Catering,Luxury,False,,2026-06-27
140322.0,4,754.0,15.0,1.39,Self Catering,Mid-Range,False,,2026-06-27
85215.0,4,1305.0,71.0,7.89,Self Catering,Premium,True,10.0,2026-06-27
97526.0,4,2200.0,23.0,2.56,Self Catering,Premium,False,,2026-06-27
139700.0,4,1005.0,22.0,2.04,Self Catering,Mid-Range,False,,2026-06-27
20233.0,4,959.0,171.0,15.83,B&B,Mid-Range,False,,2026-06-27
113213.0,4,1575.0,30.0,3.33,Self Catering,Premium,False,,2026-06-27
78862.0,4,1466.0,76.0,8.44,Self Catering,Premium,True,33.0,2026-06-27
78025.0,5,910.0,52.0,4.81,Self Catering,Mid-Range,False,,2026-06-27
73543.0,5,765.0,40.0,3.7,Guest House,Mid-Range,False,,2026-06-27
53692.0,5,1360.0,28.0,3.11,Self Catering,Premium,False,,2026-06-27
693.0,5,969.0,40.0,3.7,B&B,Mid-Range,False,,2026-06-27
7215.0,5,1402.0,16.0,1.78,Guest House,Premium,False,,2026-06-27
1077.0,5,1112.0,39.0,3.61,Guest House,Mid-Range,False,,2026-06-27
2566.0,5,2295.0,59.0,6.56,Hotel,Premium,False,,2026-06-27
388.0,5,1530.0,13.0,1.44,Guest House,Premium,False,,2026-06-27
28625.0,5,1290.0,14.0,1.56,B&B,Premium,False,,2026-06-27
80845.0,5,650.0,80.0,5.93,Guest House,Budget,False,,2026-06-27
11326.0,6,1188.0,122.0,11.3,B&B,Mid-Range,False,,2026-06-27
112376.0,6,1360.0,27.0,3.0,Self Catering,Premium,False,,2026-06-27
61545.0,6,846.0,108.0,10.0,Guest House,Mid-Range,False,,2026-06-27
117990.0,6,950.0,56.0,5.19,Self Catering,Mid-Range,False,,2026-06-27
78011.0,6,2650.0,52.0,7.22,Self Catering,Luxury,False,,2026-06-27
100381.0,6,1260.0,14.0,1.56,Self Catering,Premium,False,,2026-06-27
27958.0,6,468.0,159.0,11.78,Self Catering,Budget,True,50.0,2026-06-27
72266.0,6,1565.0,123.0,13.67,Self Catering,Premium,False,,2026-06-27
141744.0,6,734.0,8.0,0.74,Self Catering,Mid-Range,False,,2026-06-27
65888.0,7,2990.0,103.0,14.31,Self Catering,Luxury,False,,2026-06-27
127244.0,7,867.0,33.0,3.06,Guest House,Mid-Range,False,,2026-06-27
35579.0,7,1400.0,32.0,3.56,Self Catering,Premium,False,,2026-06-27
94765.0,7,850.0,135.0,12.5,Lodge,Mid-Range,False,,2026-06-27
4559.0,7,1200.0,158.0,17.56,Hotel,Premium,False,,2026-06-27
6096.0,7,2142.0,67.0,7.44,Guest House,Premium,False,,2026-06-27
45361.0,8,2550.0,48.0,6.67,Self Catering,Luxury,False,,2026-06-27
101392.0,9,2023.0,21.0,2.33,Self Catering,Premium,False,,2026-06-27
61039.0,9,2233.0,48.0,5.33,Self Catering,Premium,False,,2026-06-27
73058.0,9,950.0,15.0,1.39,Self Catering,Mid-Range,False,,2026-06-27
17773.0,9,2018.0,71.0,7.89,Self Catering,Premium,False,,2026-06-27
77548.0,9,739.0,185.0,17.13,Self Catering,Mid-Range,False,,2026-06-27
109662.0,9,1275.0,5.0,0.56,Self Catering,Premium,False,,2026-06-27
26245.0,9,3600.0,27.0,3.75,Self Catering,Luxury,False,,2026-06-27
123905.0,9,2100.0,5.0,0.56,Self Catering,Premium,True,30.0,2026-06-27
15600.0,9,1935.0,110.0,12.22,Self Catering,Premium,False,,2026-06-27
137426.0,9,750.0,14.0,1.3,Self Catering,Mid-Range,False,,2026-06-27
90027.0,10,1035.0,16.0,1.48,Guest House,Mid-Range,False,,2026-06-27
111408.0,10,1350.0,32.0,3.56,B&B,Premium,False,,2026-06-27
60664.0,10,274.0,61.0,4.52,Guest House,Budget,False,,2026-06-27
25653.0,10,1035.0,184.0,17.04,Self Catering,Mid-Range,False,,2026-06-27
15860.0,10,1365.0,84.0,9.33,Guest House,Premium,False,,2026-06-27
135405.0,10,630.0,15.0,1.11,Guest House,Budget,True,30.0,2026-06-27
149717.0,10,880.0,11.0,1.02,Self Catering,Mid-Range,False,,2026-06-27
109776.0,10,1350.0,34.0,3.78,Self Catering,Premium,False,,2026-06-27
126727.0,10,1190.0,32.0,2.96,Self Catering,Mid-Range,False,,2026-06-27
15027.0,10,1105.0,98.0,9.07,Guest House,Mid-Range,False,,2026-06-27
10862.0,11,1445.0,159.0,17.67,Self Catering,Premium,False,,2026-06-27
90402.0,11,1947.0,72.0,8.0,Self Catering,Premium,False,,2026-06-27
47440.0,11,1425.0,67.0,7.44,Guest House,Premium,False,,2026-06-27
32850.0,11,840.0,44.0,4.07,Guest House,Mid-Range,False,,2026-06-27
74390.0,11,1200.0,19.0,2.11,Self Catering,Premium,False,,2026-06-27
103947.0,11,2240.0,18.0,2.0,Self Catering,Premium,False,,2026-06-27
109699.0,11,2261.0,14.0,1.56,Self Catering,Premium,False,,2026-06-27
47546.0,11,3740.0,21.0,2.92,Self Catering,Luxury,False,,2026-06-27
84552.0,11,2247.0,55.0,6.11,Self Catering,Premium,False,,2026-06-27
69991.0,11,550.0,111.0,8.22,Self Catering,Budget,False,,2026-06-27
41464.0,12,2100.0,79.0,8.78,Self Catering,Premium,False,,2026-06-27
78973.0,12,1560.0,123.0,13.67,Self Catering,Premium,False,,2026-06-27
16424.0,12,1829.0,127.0,14.11,B&B,Premium,False,,2026-06-27
29186.0,12,2520.0,64.0,8.89,Self Catering,Luxury,False,,2026-06-27
120537.0,12,740.0,40.0,3.7,Self Catering,Mid-Range,False,,2026-06-27
120531.0,12,934.0,29.0,2.69,Self Catering,Mid-Range,False,,2026-06-27
102612.0,12,1040.0,29.0,2.69,Self Catering,Mid-Range,False,,2026-06-27
128012.0,12,895.0,65.0,6.02,Self Catering,Mid-Range,False,,2026-06-27
2142.0,12,2520.0,20.0,2.78,Guest House,Luxury,False,,2026-06-27
102889.0,13,850.0,41.0,3.8,Self Catering,Mid-Range,False,,2026-06-27
1258.0,13,1100.0,178.0,16.48,Guest House,Mid-Range,False,,2026-06-27
99365.0,13,1530.0,21.0,2.33,Self Catering,Premium,False,,2026-06-27
134513.0,13,1088.0,14.0,1.3,Self Catering,Mid-Range,False,,2026-06-27
5102.0,13,1696.0,50.0,5.56,B&B,Premium,False,,2026-06-27
37933.0,13,960.0,54.0,5.0,Self Catering,Mid-Range,False,,2026-06-27
129303.0,13,990.0,13.0,1.2,Self Catering,Mid-Range,False,,2026-06-27
126104.0,13,912.0,17.0,1.57,Self Catering,Mid-Range,False,,2026-06-27
143675.0,13,711.0,23.0,2.13,Self Catering,Mid-Range,False,,2026-06-27
100503.0,13,1100.0,41.0,3.8,Self Catering,Mid-Range,False,,2026-06-27
100168.0,14,1200.0,45.0,5.0,Self Catering,Premium,False,,2026-06-27
101447.0,14,800.0,69.0,6.39,Self Catering,Mid-Range,False,,2026-06-27
80001.0,14,720.0,12.0,1.11,Self Catering,Mid-Range,False,,2026-06-27
2840.0,14,1500.0,12.0,1.33,Guest House,Premium,False,,2026-06-27
135739.0,14,1300.0,11.0,1.22,B&B,Premium,False,,2026-06-27
113835.0,14,850.0,28.0,2.59,Self Catering,Mid-Range,False,,2026-06-27
2286.0,14,1500.0,37.0,4.11,B&B,Premium,False,,2026-06-27
9241.0,14,1600.0,40.0,4.44,Guest House,Premium,False,,2026-06-27
47669.0,14,900.0,20.0,1.85,Self Catering,Mid-Range,False,,2026-06-27
101880.0,14,850.0,34.0,3.15,Self Catering,Mid-Range,False,,2026-06-27
133149.0,15,1100.0,21.0,1.94,Self Catering,Mid-Range,False,,2026-06-27
99131.0,15,2750.0,14.0,1.94,Self Catering,Luxury,False,,2026-06-27
134840.0,15,1318.0,9.0,1.0,Self Catering,Premium,True,15.0,2026-06-27
2740.0,15,3800.0,80.0,11.11,B&B,Luxury,False,,2026-06-27
11046.0,15,2542.0,31.0,4.31,Guest House,Luxury,False,,2026-06-27
49782.0,15,2050.0,17.0,1.89,Self Catering,Premium,False,,2026-06-27
139463.0,15,3250.0,0.0,0.0,Self Catering,Luxury,False,,2026-06-27
4188.0,15,1600.0,120.0,13.33,B&B,Premium,False,,2026-06-27
133183.0,15,3450.0,3.0,0.42,Self Catering,Luxury,False,,2026-06-27
22752.0,16,1260.0,380.0,42.22,Self Catering,Premium,False,,2026-06-27
98030.0,16,867.0,102.0,9.44,Self Catering,Mid-Range,False,,2026-06-27
46484.0,16,1120.0,418.0,38.7,Self Catering,Mid-Range,False,,2026-06-27
63983.0,16,667.0,140.0,10.37,Self Catering,Budget,False,,2026-06-27
13083.0,16,1120.0,235.0,21.76,Self Catering,Mid-Range,False,,2026-06-27
132064.0,16,1900.0,20.0,2.22,Self Catering,Premium,False,,2026-06-27
44809.0,16,1840.0,173.0,19.22,Self Catering,Premium,False,,2026-06-27
2221.0,16,1120.0,174.0,16.11,Guest House,Mid-Range,False,,2026-06-27
60212.0,16,1200.0,213.0,23.67,Self Catering,Premium,False,,2026-06-27
132737.0,16,700.0,22.0,2.04,Self Catering,Mid-Range,False,,2026-06-27
104497.0,17,4320.0,30.0,4.17,Self Catering,Luxury,False,,2026-06-27
104472.0,17,2700.0,27.0,3.75,Self Catering,Luxury,False,,2026-06-27
105060.0,17,1750.0,29.0,3.22,Self Catering,Premium,False,,2026-06-27
15602.0,17,2423.0,306.0,34.0,Self Catering,Premium,False,,2026-06-27
23596.0,17,900.0,258.0,23.89,Lodge,Mid-Range,False,,2026-06-27
138001.0,17,1750.0,10.0,1.11,Self Catering,Premium,False,,2026-06-27
5513.0,17,1200.0,22.0,2.44,Guest House,Premium,False,,2026-06-27
53403.0,17,927.0,140.0,12.96,Game Lodge,Mid-Range,False,,2026-06-27
1752.0,17,1300.0,154.0,17.11,Guest House,Premium,False,,2026-06-27
116565.0,17,3000.0,11.0,1.53,Self Catering,Luxury,False,,2026-06-27
22473.0,18,1035.0,600.0,55.56,Self Catering,Mid-Range,False,,2026-06-27
4663.0,18,1650.0,220.0,24.44,Self Catering,Premium,False,,2026-06-27
24634.0,18,1372.0,182.0,20.22,Self Catering,Premium,False,,2026-06-27
1006.0,18,2870.0,74.0,10.28,Guest House,Luxury,False,,2026-06-27
106994.0,18,2000.0,9.0,1.0,Self Catering,Premium,False,,2026-06-27
20240.0,18,450.0,349.0,25.85,Self Catering,Budget,False,,2026-06-27
184.0,18,2400.0,62.0,6.89,Guest House,Premium,False,,2026-06-27
52845.0,18,1400.0,98.0,10.89,Self Catering,Premium,False,,2026-06-27
57100.0,18,1350.0,45.0,5.0,Self Catering,Premium,False,,2026-06-27
71888.0,18,1000.0,243.0,22.5,Self Catering,Mid-Range,False,,2026-06-27
66018.0,19,11844.0,2.0,0.28,Lodge,Luxury,False,,2026-06-27
452.0,19,2875.0,32.0,4.44,Guest House,Luxury,False,,2026-06-27
77441.0,19,,1.0,0.05,Self Catering,Unknown,False,,2026-06-27
38407.0,19,,1.0,0.05,Game Lodge,Unknown,False,,2026-06-27
107320.0,19,6545.0,0.0,0.0,Game Lodge,Luxury,False,,2026-06-27
143885.0,19,5500.0,2.0,0.28,Self Catering,Luxury,False,,2026-06-27
143577.0,19,,0.0,0.0,Game Lodge,Unknown,False,,2026-06-27
81950.0,19,,0.0,0.0,Lodge,Unknown,False,,2026-06-27
62050.0,19,14500.0,0.0,0.0,Lodge,Luxury,False,,2026-06-27
80687.0,19,16412.0,1.0,0.14,Lodge,Luxury,False,,2026-06-27
64757.0,20,734.0,211.0,19.54,Self Catering,Mid-Range,False,,2026-06-27
83465.0,20,1100.0,101.0,9.35,Guest House,Mid-Range,False,,2026-06-27
26484.0,20,2535.0,78.0,10.83,Game Lodge,Luxury,False,,2026-06-27
2264.0,20,820.0,171.0,15.83,Guest House,Mid-Range,False,,2026-06-27
84217.0,20,735.0,71.0,6.57,Self Catering,Mid-Range,False,,2026-06-27
111894.0,20,4171.0,4.0,0.56,Self Catering,Luxury,False,,2026-06-27
14006.0,20,269.0,808.0,59.85,Resort,Budget,False,,2026-06-27
136029.0,20,17000.0,0.0,0.0,Game Lodge,Luxury,False,,2026-06-27
55470.0,20,203.0,21.0,1.56,Lodge,Budget,False,,2026-06-27
114470.0,20,850.0,36.0,3.33,Self Catering,Mid-Range,False,,2026-06-27
101607.0,21,934.0,25.0,2.31,Self Catering,Mid-Range,False,,2026-06-27
95957.0,21,1700.0,64.0,7.11,Self Catering,Premium,False,,2026-06-27
126439.0,21,900.0,11.0,1.02,Self Catering,Mid-Range,False,,2026-06-27
91817.0,21,995.0,62.0,5.74,Self Catering,Mid-Range,False,,2026-06-27
106140.0,21,1105.0,26.0,2.41,Self Catering,Mid-Range,False,,2026-06-27
101338.0,21,3334.0,2.0,0.28,Self Catering,Luxury,False,,2026-06-27
6707.0,21,1440.0,80.0,8.89,B&B,Premium,False,,2026-06-27
136227.0,21,2250.0,9.0,1.0,Self Catering,Premium,False,,2026-06-27
28689.0,22,400.0,41.0,3.04,Lodge,Budget,True,33.0,2026-06-27
3092.0,22,1469.0,339.0,37.67,Guest House,Premium,False,,2026-06-27
114784.0,22,2925.0,13.0,1.81,Self Catering,Luxury,False,,2026-06-27
130437.0,22,1000.0,34.0,3.15,Self Catering,Mid-Range,False,,2026-06-27
99627.0,23,1073.0,95.0,8.8,Lodge,Mid-Range,False,,2026-06-27
31733.0,23,360.0,88.0,6.52,Guest House,Budget,False,,2026-06-27
60673.0,23,644.0,152.0,11.26,Guest House,Budget,False,,2026-06-27
76972.0,23,1170.0,48.0,4.44,Self Catering,Mid-Range,False,,2026-06-27
79587.0,23,2800.0,95.0,13.19,Self Catering,Luxury,False,,2026-06-27
28019.0,23,990.0,228.0,21.11,Guest House,Mid-Range,False,,2026-06-27
33391.0,23,667.0,76.0,5.63,Game Lodge,Budget,False,,2026-06-27
120712.0,23,788.0,50.0,4.63,Guest House,Mid-Range,False,,2026-06-27
10145.0,24,1734.0,29.0,3.22,B&B,Premium,False,,2026-06-27
59636.0,24,749.0,56.0,5.19,Self Catering,Mid-Range,False,,2026-06-27
85927.0,24,1254.0,22.0,2.44,Self Catering,Premium,False,,2026-06-27
84230.0,24,2632.0,34.0,4.72,Self Catering,Luxury,False,,2026-06-27
34260.0,24,875.0,35.0,3.24,Guest House,Mid-Range,False,,2026-06-27
52963.0,24,1301.0,27.0,3.0,Self Catering,Premium,False,,2026-06-27
69298.0,24,1050.0,43.0,3.98,Self Catering,Mid-Range,False,,2026-06-27
140459.0,24,1000.0,5.0,0.46,Self Catering,Mid-Range,False,,2026-06-27
7717.0,25,1020.0,191.0,17.69,Self Catering,Mid-Range,False,,2026-06-27
132454.0,25,972.0,11.0,1.02,Self Catering,Mid-Range,False,,2026-06-27
134059.0,25,1575.0,10.0,1.11,Self Catering,Premium,False,,2026-06-27
97413.0,25,1890.0,25.0,2.78,Self Catering,Premium,False,,2026-06-27
58237.0,25,840.0,48.0,4.44,Self Catering,Mid-Range,False,,2026-06-27
97802.0,25,1305.0,14.0,1.56,Self Catering,Premium,False,,2026-06-27
128027.0,25,2380.0,15.0,1.67,Self Catering,Premium,False,,2026-06-27
79191.0,26,2200.0,40.0,4.44,Self Catering,Premium,False,,2026-06-27
74679.0,26,1620.0,27.0,3.0,B&B,Premium,False,,2026-06-27
125730.0,26,900.0,20.0,1.85,Guest House,Mid-Range,False,,2026-06-27
117036.0,26,630.0,19.0,1.41,Self Catering,Budget,False,,2026-06-27
32957.0,26,730.0,46.0,4.26,Self Catering,Mid-Range,False,,2026-06-27
1731.0,26,1000.0,75.0,6.94,Self Catering,Mid-Range,False,,2026-06-27
56674.0,26,2618.0,12.0,1.67,Self Catering,Luxury,False,,2026-06-27
35538.0,26,1062.0,56.0,5.19,Self Catering,Mid-Range,False,,2026-06-27
2739.0,26,1600.0,29.0,3.22,Self Catering,Premium,False,,2026-06-27
67873.0,27,1080.0,14.0,1.3,Self Catering,Mid-Range,False,,2026-06-27
31580.0,27,2000.0,11.0,1.22,Self Catering,Premium,False,,2026-06-27
120624.0,27,1300.0,2.0,0.22,Self Catering,Premium,False,,2026-06-27
154819.0,27,800.0,1.0,0.09,Self Catering,Mid-Range,True,33.0,2026-06-27
62516.0,27,525.0,55.0,4.07,Self Catering,Budget,False,,2026-06-27
32548.0,27,750.0,44.0,4.07,Self Catering,Mid-Range,False,,2026-06-27
47466.0,27,4200.0,4.0,0.56,Self Catering,Luxury,False,,2026-06-27
63017.0,27,1600.0,14.0,1.56,Self Catering,Premium,False,,2026-06-27
146883.0,27,900.0,8.0,0.74,Self Catering,Mid-Range,False,,2026-06-27
65190.0,27,1000.0,3.0,0.28,Self Catering,Mid-Range,False,,2026-06-27
11561.0,28,1395.0,126.0,14.0,Guest House,Premium,False,,2026-06-27
30738.0,28,2200.0,110.0,12.22,Self Catering,Premium,False,,2026-06-27
142137.0,28,1440.0,12.0,1.33,Self Catering,Premium,False,,2026-06-27
83331.0,28,792.0,24.0,2.22,Self Catering,Mid-Range,False,,2026-06-27
15553.0,28,2500.0,93.0,12.92,Self Catering,Luxury,False,,2026-06-27
125959.0,28,3000.0,16.0,2.22,Self Catering,Luxury,False,,2026-06-27
18502.0,28,1620.0,40.0,4.44,Self Catering,Premium,False,,2026-06-27
92987.0,28,5500.0,25.0,3.47,Self Catering,Luxury,False,,2026-06-27
38549.0,28,3300.0,80.0,11.11,Self Catering,Luxury,False,,2026-06-27
88052.0,29,1440.0,12.0,1.33,B&B,Premium,False,,2026-06-27
38790.0,29,1100.0,114.0,10.56,Self Catering,Mid-Range,False,,2026-06-27
33189.0,29,1050.0,37.0,3.43,Self Catering,Mid-Range,False,,2026-06-27
103897.0,29,3320.0,13.0,1.81,Self Catering,Luxury,False,,2026-06-27
95535.0,29,990.0,13.0,1.2,Guest House,Mid-Range,False,,2026-06-27
102443.0,29,2090.0,6.0,0.67,Guest House,Premium,False,,2026-06-27
145607.0,29,3000.0,1.0,0.14,Self Catering,Luxury,False,,2026-06-27
63451.0,29,4900.0,5.0,0.69,Self Catering,Luxury,False,,2026-06-27
107180.0,29,1500.0,16.0,1.78,Self Catering,Premium,False,,2026-06-27
89875.0,29,4000.0,47.0,6.53,Self Catering,Luxury,False,,2026-06-27
38302.0,30,2207.0,31.0,3.44,Self Catering,Premium,True,33.0,2026-06-27
48801.0,30,1489.0,216.0,24.0,Self Catering,Premium,False,,2026-06-27
117637.0,30,1040.0,42.0,3.89,Self Catering,Mid-Range,False,,2026-06-27
96348.0,30,1063.0,24.0,2.22,Self Catering,Mid-Range,False,,2026-06-27
34408.0,30,1450.0,27.0,3.0,Guest House,Premium,False,,2026-06-27
12986.0,30,1432.0,38.0,4.22,Self Catering,Premium,True,33.0,2026-06-27
140467.0,30,1403.0,7.0,0.78,Self Catering,Premium,False,,2026-06-27
112407.0,30,735.0,33.0,3.06,Self Catering,Mid-Range,False,,2026-06-27
68628.0,30,1350.0,64.0,7.11,Guest House,Premium,False,,2026-06-27
61622.0,31,1150.0,77.0,7.13,Self Catering,Mid-Range,False,,2026-06-27
19898.0,31,1275.0,129.0,14.33,Self Catering,Premium,False,,2026-06-27
9384.0,31,939.0,203.0,18.8,Self Catering,Mid-Range,False,,2026-06-27
53471.0,31,1080.0,126.0,11.67,Self Catering,Mid-Range,False,,2026-06-27
95767.0,31,4500.0,10.0,1.39,Self Catering,Luxury,False,,2026-06-27
117493.0,31,891.0,40.0,3.7,Self Catering,Mid-Range,False,,2026-06-27
132611.0,31,765.0,10.0,0.93,Self Catering,Mid-Range,False,,2026-06-27
114167.0,31,1260.0,20.0,2.22,Self Catering,Premium,False,,2026-06-27
9676.0,31,1190.0,180.0,16.67,Self Catering,Mid-Range,False,,2026-06-27
125671.0,31,2600.0,7.0,0.97,Self Catering,Luxury,False,,2026-06-27
149158.0,32,3500.0,6.0,0.83,Self Catering,Luxury,False,,2026-06-27
36185.0,32,1755.0,35.0,3.89,Self Catering,Premium,False,,2026-06-27
56106.0,32,788.0,91.0,8.43,Self Catering,Mid-Range,False,,2026-06-27
75956.0,32,998.0,143.0,13.24,Self Catering,Mid-Range,False,,2026-06-27
89051.0,32,3600.0,17.0,2.36,Self Catering,Luxury,False,,2026-06-27
83530.0,32,2250.0,12.0,1.33,Self Catering,Premium,False,,2026-06-27
141837.0,32,1967.0,0.0,0.0,Self Catering,Premium,False,,2026-06-27
3258.0,32,2080.0,30.0,3.33,Guest House,Premium,False,,2026-06-27
83228.0,32,2500.0,18.0,2.5,Self Catering,Luxury,False,,2026-06-27
82658.0,32,1500.0,39.0,4.33,Self Catering,Premium,False,,2026-06-27
93008.0,33,1196.0,58.0,5.37,Self Catering,Mid-Range,False,,2026-06-27
54187.0,33,2470.0,52.0,5.78,Self Catering,Premium,False,,2026-06-27
38421.0,33,2444.0,185.0,20.56,Self Catering,Premium,False,,2026-06-27
34477.0,33,1000.0,25.0,2.31,Guest House,Mid-Range,False,,2026-06-27
70947.0,33,2000.0,97.0,10.78,Self Catering,Premium,False,,2026-06-27
79698.0,33,1200.0,160.0,17.78,Self Catering,Premium,False,,2026-06-27
57740.0,33,1680.0,52.0,5.78,Self Catering,Premium,False,,2026-06-27
20237.0,33,1430.0,22.0,2.44,Self Catering,Premium,True,35.0,2026-06-27
27604.0,33,5550.0,15.0,2.08,Self Catering,Luxury,False,,2026-06-27
94565.0,33,1796.0,34.0,3.78,Self Catering,Premium,False,,2026-06-27
82770.0,34,2000.0,40.0,4.44,Self Catering,Premium,False,,2026-06-27
32225.0,34,1350.0,202.0,22.44,Self Catering,Premium,False,,2026-06-27
55582.0,34,2000.0,23.0,2.56,Self Catering,Premium,False,,2026-06-27
120498.0,34,2700.0,10.0,1.39,Self Catering,Luxury,False,,2026-06-27
71287.0,34,2800.0,31.0,4.31,Lodge,Luxury,False,,2026-06-27
128506.0,34,5050.0,1.0,0.14,Self Catering,Luxury,False,,2026-06-27
54113.0,34,867.0,37.0,3.43,Guest House,Mid-Range,False,,2026-06-27
89518.0,34,1089.0,35.0,3.24,Guest House,Mid-Range,False,,2026-06-27
63534.0,34,3950.0,11.0,1.53,Self Catering,Luxury,False,,2026-06-27
56602.0,34,2290.0,7.0,0.78,Self Catering,Premium,False,,2026-06-27
17367.0,35,1125.0,25.0,2.31,Lodge,Mid-Range,True,25.0,2026-06-27
106059.0,35,1050.0,19.0,1.76,Guest House,Mid-Range,False,,2026-06-27
69134.0,35,1890.0,40.0,4.44,Self Catering,Premium,False,,2026-06-27
102167.0,35,3450.0,32.0,4.44,Self Catering,Luxury,False,,2026-06-27
131476.0,35,700.0,7.0,0.65,Self Catering,Mid-Range,False,,2026-06-27
98373.0,35,3850.0,4.0,0.56,Game Lodge,Luxury,False,,2026-06-27
118660.0,35,1300.0,30.0,3.33,Lodge,Premium,False,,2026-06-27
134312.0,35,1095.0,15.0,1.39,Guest House,Mid-Range,False,,2026-06-27
94608.0,35,1100.0,14.0,1.3,Self Catering,Mid-Range,False,,2026-06-27
136832.0,35,3500.0,2.0,0.28,Lodge,Luxury,False,,2026-06-27
25350.0,36,900.0,141.0,13.06,Game Lodge,Mid-Range,False,,2026-06-27
80496.0,36,1190.0,93.0,8.61,Self Catering,Mid-Range,False,,2026-06-27
134744.0,36,13500.0,0.0,0.0,Guest House,Luxury,False,,2026-06-27
139853.0,36,850.0,6.0,0.56,Self Catering,Mid-Range,False,,2026-06-27
95810.0,36,3000.0,91.0,12.64,Self Catering,Luxury,False,,2026-06-27
35505.0,36,910.0,85.0,7.87,Lodge,Mid-Range,False,,2026-06-27
154098.0,36,1590.0,2.0,0.22,Self Catering,Premium,False,,2026-06-27
39499.0,36,680.0,99.0,7.33,Self Catering,Budget,False,,2026-06-27
20443.0,36,400.0,201.0,14.89,Self Catering,Budget,False,,2026-06-27
30134.0,36,750.0,75.0,6.94,Self Catering,Mid-Range,False,,2026-06-27
104782.0,37,1955.0,18.0,2.0,Guest House,Premium,False,,2026-06-27
27301.0,37,1050.0,224.0,20.74,Guest House,Mid-Range,False,,2026-06-27
102016.0,37,450.0,16.0,1.19,Self Catering,Budget,False,,2026-06-27
156924.0,37,711.0,0.0,0.0,Self Catering,Mid-Range,False,,2026-06-27
151933.0,37,3750.0,0.0,0.0,Self Catering,Luxury,False,,2026-06-27
11242.0,37,2300.0,121.0,13.44,Self Catering,Premium,False,,2026-06-27
57185.0,37,1685.0,57.0,6.33,Lodge,Premium,False,,2026-06-27
72011.0,37,1300.0,189.0,21.0,Self Catering,Premium,False,,2026-06-27
13042.0,37,2500.0,103.0,14.31,Self Catering,Luxury,False,,2026-06-27
33129.0,37,1170.0,179.0,16.57,Guest House,Mid-Range,False,,2026-06-27
50928.0,38,1253.0,89.0,9.89,Self Catering,Premium,False,,2026-06-27
8985.0,38,245.0,90.0,6.67,Self Catering,Budget,True,50.0,2026-06-27
89624.0,38,1180.0,268.0,24.81,Self Catering,Mid-Range,False,,2026-06-27
118260.0,38,5250.0,4.0,0.56,Self Catering,Luxury,False,,2026-06-27
69554.0,38,13000.0,30.0,4.17,Game Lodge,Luxury,False,,2026-06-27
146175.0,38,1350.0,6.0,0.67,Self Catering,Premium,False,,2026-06-27
104389.0,38,1590.0,55.0,6.11,Self Catering,Premium,False,,2026-06-27
3104.0,38,2100.0,53.0,5.89,Self Catering,Premium,False,,2026-06-27
104336.0,38,4999.0,0.0,0.0,Game Lodge,Luxury,False,,2026-06-27
61312.0,38,3550.0,18.0,2.5,Game Lodge,Luxury,False,,2026-06-27
14443.0,39,3600.0,35.0,4.86,Self Catering,Luxury,False,,2026-06-27
157247.0,39,788.0,0.0,0.0,Self Catering,Mid-Range,True,30.0,2026-06-27
136005.0,39,3000.0,3.0,0.42,Self Catering,Luxury,False,,2026-06-27
112076.0,39,1300.0,13.0,1.44,Self Catering,Premium,False,,2026-06-27
7141.0,39,2950.0,32.0,4.44,Self Catering,Luxury,False,,2026-06-27
17834.0,39,2900.0,37.0,5.14,Self Catering,Luxury,False,,2026-06-27
15783.0,39,4960.0,40.0,5.56,Lodge,Luxury,False,,2026-06-27
15788.0,39,765.0,125.0,11.57,Self Catering,Mid-Range,False,,2026-06-27
36648.0,39,1460.0,22.0,2.44,B&B,Premium,False,,2026-06-27
104310.0,40,1102.0,19.0,1.76,Self Catering,Mid-Range,False,,2026-06-27
66858.0,40,2100.0,51.0,5.67,Guest House,Premium,False,,2026-06-27
110122.0,40,1955.0,16.0,1.78,Self Catering,Premium,False,,2026-06-27
34086.0,40,800.0,284.0,26.3,Self Catering,Mid-Range,False,,2026-06-27
49467.0,40,980.0,122.0,11.3,Self Catering,Mid-Range,False,,2026-06-27
1777.0,40,918.0,39.0,3.61,Guest House,Mid-Range,False,,2026-06-27
92895.0,40,1225.0,19.0,2.11,Self Catering,Premium,False,,2026-06-27
35014.0,40,1953.0,3.0,0.33,Hotel,Premium,True,30.0,2026-06-27
110805.0,40,1062.0,12.0,1.11,Lodge,Mid-Range,False,,2026-06-27
133036.0,40,1450.0,13.0,1.44,Self Catering,Premium,False,,2026-06-27
2597.0,41,,5.0,0.23,Game Lodge,Unknown,False,,2026-06-27
129896.0,41,,0.0,0.0,Game Lodge,Unknown,False,,2026-06-27
253.0,41,15522.0,1.0,0.14,Game Lodge,Luxury,False,,2026-06-27
10064.0,41,,0.0,0.0,Game Lodge,Unknown,False,,2026-06-27
4863.0,41,17400.0,0.0,0.0,Lodge,Luxury,False,,2026-06-27
12369.0,41,,1.0,0.05,Lodge,Unknown,False,,2026-06-27
90902.0,41,,0.0,0.0,Lodge,Unknown,False,,2026-06-27
72932.0,41,17150.0,0.0,0.0,Self Catering,Luxury,False,,2026-06-27
12368.0,41,,0.0,0.0,Lodge,Unknown,False,,2026-06-27
3696.0,42,5985.0,4.0,0.56,Game Lodge,Luxury,False,,2026-06-27
125139.0,42,17590.0,0.0,0.0,Lodge,Luxury,False,,2026-06-27
94828.0,42,1250.0,101.0,11.22,Self Catering,Premium,False,,2026-06-27
95863.0,42,14500.0,8.0,1.11,Game Lodge,Luxury,False,,2026-06-27
3707.0,42,,3.0,0.14,Game Lodge,Unknown,False,,2026-06-27
75150.0,42,6080.0,6.0,0.83,Lodge,Luxury,False,,2026-06-27
75153.0,42,7020.0,9.0,1.25,Lodge,Luxury,False,,2026-06-27
149821.0,42,860.0,0.0,0.0,Hotel,Mid-Range,False,,2026-06-27
687.0,42,,0.0,0.0,Game Lodge,Unknown,False,,2026-06-27
155200.0,42,5500.0,0.0,0.0,Self Catering,Luxury,False,,2026-06-27
50183.0,43,3600.0,24.0,3.33,Self Catering,Luxury,False,,2026-06-27
53975.0,43,4069.0,0.0,0.0,Lodge,Luxury,False,,2026-06-27
124242.0,43,9359.0,0.0,0.0,Lodge,Luxury,False,,2026-06-27
77643.0,43,,0.0,0.0,Game Lodge,Unknown,False,,2026-06-27
145711.0,43,4800.0,0.0,0.0,Lodge,Luxury,False,,2026-06-27
102593.0,43,,0.0,0.0,Lodge,Unknown,False,,2026-06-27
26544.0,43,7150.0,2.0,0.28,Lodge,Luxury,False,,2026-06-27
79774.0,43,12700.0,1.0,0.14,Self Catering,Luxury,False,,2026-06-27
81766.0,44,12200.0,0.0,0.0,Lodge,Luxury,False,,2026-06-27
144916.0,44,3330.0,1.0,0.14,Self Catering,Luxury,False,,2026-06-27
81601.0,44,14960.0,11.0,1.53,Game Lodge,Luxury,False,,2026-06-27
141507.0,44,3690.0,0.0,0.0,Lodge,Luxury,False,,2026-06-27
59093.0,44,414.0,100.0,7.41,Self Catering,Budget,False,,2026-06-27
71992.0,44,18200.0,0.0,0.0,Self Catering,Luxury,False,,2026-06-27
142293.0,44,11400.0,0.0,0.0,Resort,Luxury,False,,2026-06-27
82572.0,44,1178.0,66.0,6.11,Guest House,Mid-Range,False,,2026-06-27
33760.0,44,,0.0,0.0,Game Lodge,Unknown,False,,2026-06-27
12586.0,45,1600.0,36.0,4.0,Self Catering,Premium,False,,2026-06-27
32489.0,45,1100.0,84.0,7.78,Self Catering,Mid-Range,False,,2026-06-27
139480.0,45,420.0,12.0,0.89,Lodge,Budget,False,,2026-06-27
88100.0,45,7000.0,45.0,6.25,Game Lodge,Luxury,False,,2026-06-27
92781.0,45,1090.0,94.0,8.7,Game Lodge,Mid-Range,False,,2026-06-27
113841.0,45,575.0,32.0,2.37,Self Catering,Budget,False,,2026-06-27
34529.0,45,400.0,217.0,16.07,Game Lodge,Budget,False,,2026-06-27
87276.0,45,1190.0,77.0,7.13,Self Catering,Mid-Range,False,,2026-06-27
133095.0,45,1395.0,48.0,5.33,Self Catering,Premium,False,,2026-06-27
38873.0,45,2235.0,131.0,14.56,Self Catering,Premium,False,,2026-06-27
78284.0,46,1500.0,63.0,7.0,Self Catering,Premium,False,,2026-06-27
16684.0,46,5274.0,8.0,1.11,Lodge,Luxury,False,,2026-06-27
56898.0,46,7850.0,7.0,0.97,Self Catering,Luxury,False,,2026-06-27
15129.0,46,2690.0,33.0,4.58,Self Catering,Luxury,False,,2026-06-27
97933.0,46,5000.0,12.0,1.67,Self Catering,Luxury,False,,2026-06-27
126075.0,46,1450.0,10.0,1.11,Self Catering,Premium,False,,2026-06-27
135797.0,46,3600.0,0.0,0.0,Lodge,Luxury,False,,2026-06-27
110207.0,46,3150.0,45.0,6.25,Self Catering,Luxury,False,,2026-06-27
3396.0,47,2100.0,49.0,5.44,Guest House,Premium,False,,2026-06-27
2891.0,47,1985.0,23.0,2.56,Self Catering,Premium,False,,2026-06-27
95590.0,47,1302.0,2.0,0.22,Guest House,Premium,False,,2026-06-27
33012.0,47,2083.0,61.0,6.78,Lodge,Premium,False,,2026-06-27
23065.0,47,952.0,252.0,23.33,Self Catering,Mid-Range,False,,2026-06-27
49122.0,47,1148.0,39.0,3.61,Self Catering,Mid-Range,False,,2026-06-27
11107.0,47,1773.0,12.0,1.33,B&B,Premium,False,,2026-06-27
129181.0,47,882.0,11.0,1.02,Self Catering,Mid-Range,False,,2026-06-27
1133.0,47,2880.0,18.0,2.5,Hotel,Luxury,False,,2026-06-27
50526.0,47,1400.0,27.0,3.0,B&B,Premium,False,,2026-06-27
44841.0,48,1300.0,34.0,3.78,Self Catering,Premium,False,,2026-06-27
50704.0,48,419.0,588.0,43.56,Lodge,Budget,False,,2026-06-27
7932.0,48,1320.0,213.0,23.67,Guest House,Premium,False,,2026-06-27
126726.0,48,765.0,29.0,2.69,Lodge,Mid-Range,False,,2026-06-27
18996.0,48,1242.0,79.0,8.78,Guest House,Premium,False,,2026-06-27
39240.0,48,1398.0,80.0,8.89,Guest House,Premium,False,,2026-06-27
8412.0,48,2000.0,41.0,4.56,Guest House,Premium,False,,2026-06-27
13551.0,48,850.0,221.0,20.46,Self Catering,Mid-Range,False,,2026-06-27
3544.0,48,1990.0,99.0,11.0,Hotel,Premium,False,,2026-06-27
130926.0,48,1125.0,47.0,4.35,Self Catering,Mid-Range,False,,2026-06-27
6720.0,49,900.0,42.0,3.89,Guest House,Mid-Range,False,,2026-06-27
156421.0,49,2934.0,0.0,0.0,Self Catering,Luxury,False,,2026-06-27
889.0,49,3780.0,67.0,9.31,Game Lodge,Luxury,False,,2026-06-27
67038.0,49,1850.0,10.0,1.11,Self Catering,Premium,False,,2026-06-27
3950.0,49,3310.0,7.0,0.97,Game Lodge,Luxury,False,,2026-06-27
74792.0,49,2025.0,16.0,1.78,Self Catering,Premium,False,,2026-06-27
92433.0,49,5500.0,0.0,0.0,Self Catering,Luxury,False,,2026-06-27
90555.0,49,950.0,23.0,2.13,Self Catering,Mid-Range,False,,2026-06-27
12326.0,49,2590.0,19.0,2.64,Game Lodge,Luxury,False,,2026-06-27
105250.0,49,6700.0,1.0,0.14,Self Catering,Luxury,False,,2026-06-27
127105.0,50,900.0,47.0,4.35,Self Catering,Mid-Range,False,,2026-06-27
23098.0,50,1690.0,34.0,3.78,Guest House,Premium,False,,2026-06-27
142035.0,50,2560.0,2.0,0.28,Self Catering,Luxury,False,,2026-06-27
126086.0,50,1747.0,18.0,2.0,Guest House,Premium,False,,2026-06-27
115955.0,50,1100.0,12.0,1.11,Self Catering,Mid-Range,False,,2026-06-27
121454.0,50,2250.0,8.0,0.89,Self Catering,Premium,False,,2026-06-27
15482.0,50,1380.0,115.0,12.78,Guest House,Premium,False,,2026-06-27
132495.0,50,2800.0,9.0,1.25,Self Catering,Luxury,False,,2026-06-27
43025.0,50,1960.0,84.0,9.33,Self Catering,Premium,False,,2026-06-27
18049.0,51,1148.0,109.0,10.09,Guest House,Mid-Range,False,,2026-06-27
98347.0,51,1959.0,13.0,1.44,Self Catering,Premium,False,,2026-06-27
37332.0,51,4000.0,71.0,9.86,Self Catering,Luxury,False,,2026-06-27
88510.0,51,2800.0,2.0,0.28,Self Catering,Luxury,False,,2026-06-27
113973.0,51,1200.0,7.0,0.78,Guest House,Premium,False,,2026-06-27
92017.0,51,1959.0,5.0,0.56,Self Catering,Premium,False,,2026-06-27
41220.0,51,1150.0,40.0,3.7,Guest House,Mid-Range,False,,2026-06-27
28543.0,51,1100.0,64.0,5.93,Self Catering,Mid-Range,False,,2026-06-27
60119.0,51,1800.0,24.0,2.67,Self Catering,Premium,False,,2026-06-27
2547.0,52,2320.0,107.0,11.89,Hotel,Premium,False,,2026-06-27
101337.0,52,3334.0,2.0,0.28,Lodge,Luxury,False,,2026-06-27
2009.0,52,2867.0,34.0,4.72,Lodge,Luxury,False,,2026-06-27
133659.0,52,3334.0,2.0,0.28,Lodge,Luxury,False,,2026-06-27
101326.0,52,3000.0,0.0,0.0,Lodge,Luxury,False,,2026-06-27
126600.0,52,3334.0,0.0,0.0,Lodge,Luxury,False,,2026-06-27
146647.0,52,1050.0,1.0,0.09,B&B,Mid-Range,False,,2026-06-27
83255.0,52,1890.0,31.0,3.44,Self Catering,Premium,False,,2026-06-27
123932.0,52,3000.0,0.0,0.0,Lodge,Luxury,False,,2026-06-27
146839.0,53,714.0,18.0,1.67,Self Catering,Mid-Range,False,,2026-06-27
38848.0,53,2640.0,80.0,11.11,Self Catering,Luxury,False,,2026-06-27
98741.0,53,1000.0,31.0,2.87,Self Catering,Mid-Range,False,,2026-06-27
131703.0,53,1167.0,33.0,3.06,Self Catering,Mid-Range,False,,2026-06-27
91009.0,54,560.0,45.0,3.33,Self Catering,Budget,False,,2026-06-27
113245.0,54,700.0,32.0,2.96,Guest House,Mid-Range,False,,2026-06-27
156849.0,54,2450.0,0.0,0.0,Self Catering,Premium,False,,2026-06-27
15247.0,54,675.0,112.0,8.3,Self Catering,Budget,False,,2026-06-27
45881.0,54,1450.0,104.0,11.56,Lodge,Premium,False,,2026-06-27
46671.0,55,1791.0,31.0,3.44,Lodge,Premium,False,,2026-06-27
95.0,55,3780.0,28.0,3.89,Guest House,Luxury,False,,2026-06-27
107300.0,55,4761.0,3.0,0.42,Self Catering,Luxury,False,,2026-06-27
13040.0,55,2600.0,39.0,5.42,Self Catering,Luxury,False,,2026-06-27
115029.0,55,2093.0,5.0,0.56,Self Catering,Premium,False,,2026-06-27
7986.0,55,1450.0,207.0,23.0,Guest House,Premium,False,,2026-06-27
54483.0,55,1820.0,50.0,5.56,Guest House,Premium,False,,2026-06-27
3828.0,55,1880.0,64.0,7.11,Lodge,Premium,False,,2026-06-27
126510.0,56,10200.0,9.0,1.25,Self Catering,Luxury,False,,2026-06-27
79025.0,56,1444.0,46.0,5.11,Self Catering,Premium,False,,2026-06-27
123934.0,56,4650.0,5.0,0.69,Self Catering,Luxury,False,,2026-06-27
5720.0,56,1530.0,113.0,12.56,Guest House,Premium,False,,2026-06-27
85962.0,56,1530.0,18.0,2.0,Self Catering,Premium,False,,2026-06-27
30135.0,56,3750.0,9.0,1.25,Self Catering,Luxury,False,,2026-06-27
121565.0,56,1300.0,11.0,1.22,Self Catering,Premium,False,,2026-06-27
2095.0,56,2300.0,63.0,7.0,Self Catering,Premium,False,,2026-06-27
155481.0,56,4000.0,0.0,0.0,Self Catering,Luxury,False,,2026-06-27
2526.0,57,1538.0,44.0,4.89,Self Catering,Premium,False,,2026-06-27
116272.0,57,845.0,17.0,1.57,Self Catering,Mid-Range,False,,2026-06-27
117789.0,57,750.0,17.0,1.57,Self Catering,Mid-Range,False,,2026-06-27
110712.0,57,1195.0,4.0,0.37,Self Catering,Mid-Range,False,,2026-06-27
89828.0,57,1050.0,49.0,4.54,Guest House,Mid-Range,False,,2026-06-27
145439.0,57,845.0,4.0,0.37,Self Catering,Mid-Range,False,,2026-06-27
136532.0,57,1500.0,1.0,0.11,Self Catering,Premium,False,,2026-06-27
105194.0,57,750.0,39.0,3.61,Self Catering,Mid-Range,False,,2026-06-27
16892.0,57,1400.0,12.0,1.33,Guest House,Premium,False,,2026-06-27
49018.0,57,1600.0,40.0,4.44,Guest House,Premium,False,,2026-06-27
140629.0,58,765.0,17.0,1.57,Guest House,Mid-Range,False,,2026-06-27
98491.0,58,1015.0,61.0,5.65,Self Catering,Mid-Range,False,,2026-06-27
94810.0,58,950.0,65.0,6.02,Guest House,Mid-Range,False,,2026-06-27
2480.0,58,3050.0,69.0,9.58,Guest House,Luxury,False,,2026-06-27
64360.0,58,867.0,30.0,2.78,Lodge,Mid-Range,False,,2026-06-27
127878.0,58,4200.0,4.0,0.56,Self Catering,Luxury,False,,2026-06-27
5363.0,58,1600.0,37.0,4.11,Guest House,Premium,False,,2026-06-27
29040.0,58,1440.0,42.0,4.67,Guest House,Premium,False,,2026-06-27
115001.0,58,950.0,49.0,4.54,Self Catering,Mid-Range,False,,2026-06-27
115919.0,58,842.0,25.0,2.31,Self Catering,Mid-Range,False,,2026-06-27
22489.0,59,3150.0,32.0,4.44,Lodge,Luxury,False,,2026-06-27
104901.0,59,1688.0,39.0,4.33,Self Catering,Premium,False,,2026-06-27
93012.0,59,1348.0,63.0,7.0,Self Catering,Premium,False,,2026-06-27
17563.0,59,2040.0,119.0,13.22,Self Catering,Premium,False,,2026-06-27
112250.0,59,990.0,76.0,7.04,Guest House,Mid-Range,False,,2026-06-27
48265.0,59,1067.0,56.0,5.19,Self Catering,Mid-Range,False,,2026-06-27
112322.0,59,2800.0,22.0,3.06,Self Catering,Luxury,False,,2026-06-27
21563.0,59,2771.0,38.0,5.28,Self Catering,Luxury,False,,2026-06-27
117687.0,60,1116.0,39.0,3.61,Self Catering,Mid-Range,False,,2026-06-27
101983.0,60,2841.0,12.0,1.67,Self Catering,Luxury,False,,2026-06-27
144115.0,60,1050.0,13.0,1.2,Self Catering,Mid-Range,False,,2026-06-27
8543.0,60,1250.0,112.0,12.44,Self Catering,Premium,False,,2026-06-27
126508.0,60,1750.0,14.0,1.56,Self Catering,Premium,False,,2026-06-27
25796.0,60,1800.0,87.0,9.67,Self Catering,Premium,False,,2026-06-27
75532.0,60,2180.0,56.0,6.22,B&B,Premium,False,,2026-06-27
69136.0,60,1160.0,72.0,6.67,Self Catering,Mid-Range,False,,2026-06-27
121105.0,60,3200.0,10.0,1.39,Self Catering,Luxury,False,,2026-06-27
107965.0,61,1200.0,59.0,6.56,Self Catering,Premium,False,,2026-06-27
34948.0,61,900.0,34.0,3.15,Self Catering,Mid-Range,False,,2026-06-27
90825.0,61,2300.0,17.0,1.89,Self Catering,Premium,False,,2026-06-27
10059.0,61,3220.0,97.0,13.47,Guest House,Luxury,False,,2026-06-27
113390.0,61,1400.0,26.0,2.89,Self Catering,Premium,False,,2026-06-27
106906.0,61,1600.0,45.0,5.0,Self Catering,Premium,False,,2026-06-27
146799.0,61,1100.0,3.0,0.28,Self Catering,Mid-Range,False,,2026-06-27
146574.0,61,1170.0,3.0,0.28,B&B,Mid-Range,False,,2026-06-27
107381.0,61,810.0,95.0,8.8,B&B,Mid-Range,False,,2026-06-27
145572.0,61,350.0,12.0,0.89,Self Catering,Budget,False,,2026-06-27
105242.0,62,3200.0,19.0,2.64,Self Catering,Luxury,False,,2026-06-27
7384.0,62,1155.0,83.0,7.69,Self Catering,Mid-Range,False,,2026-06-27
77331.0,63,2934.0,22.0,3.06,Self Catering,Luxury,False,,2026-06-27
9059.0,63,2040.0,65.0,7.22,Self Catering,Premium,False,,2026-06-27
29513.0,63,844.0,172.0,15.93,Guest House,Mid-Range,False,,2026-06-27
77082.0,63,1670.0,44.0,4.89,Self Catering,Premium,False,,2026-06-27
25667.0,63,1600.0,181.0,20.11,Self Catering,Premium,False,,2026-06-27
84065.0,63,1190.0,56.0,5.19,Self Catering,Mid-Range,True,30.0,2026-06-27
46124.0,63,2800.0,28.0,3.89,Self Catering,Luxury,False,,2026-06-27
123473.0,63,1900.0,23.0,2.56,Self Catering,Premium,False,,2026-06-27
112120.0,63,4080.0,8.0,1.11,Self Catering,Luxury,False,,2026-06-27
123475.0,63,1900.0,41.0,4.56,Self Catering,Premium,False,,2026-06-27
100594.0,64,1683.0,21.0,2.33,Self Catering,Premium,False,,2026-06-27
112380.0,64,900.0,37.0,3.43,Self Catering,Mid-Range,False,,2026-06-27
122134.0,64,800.0,57.0,5.28,Self Catering,Mid-Range,False,,2026-06-27
6401.0,64,1350.0,93.0,10.33,Guest House,Premium,False,,2026-06-27
35291.0,64,2900.0,54.0,7.5,B&B,Luxury,False,,2026-06-27
32798.0,64,1620.0,48.0,5.33,Lodge,Premium,False,,2026-06-27
119721.0,64,810.0,6.0,0.56,Self Catering,Mid-Range,False,,2026-06-27
146844.0,65,2667.0,5.0,0.69,Self Catering,Luxury,False,,2026-06-27
117933.0,65,1850.0,14.0,1.56,Self Catering,Premium,False,,2026-06-27
106953.0,65,1158.0,53.0,4.91,Self Catering,Mid-Range,False,,2026-06-27
66839.0,65,1300.0,42.0,4.67,Self Catering,Premium,False,,2026-06-27
42029.0,65,1600.0,38.0,4.22,B&B,Premium,False,,2026-06-27
26881.0,65,1147.0,101.0,9.35,Self Catering,Mid-Range,False,,2026-06-27
40378.0,65,2100.0,13.0,1.44,Self Catering,Premium,False,,2026-06-27
30350.0,65,2040.0,27.0,3.0,Guest House,Premium,False,,2026-06-27
28679.0,65,1300.0,54.0,6.0,Self Catering,Premium,False,,2026-06-27
148153.0,65,1250.0,6.0,0.67,Self Catering,Premium,False,,2026-06-27
16926.0,66,968.0,97.0,8.98,Self Catering,Mid-Range,False,,2026-06-27
138675.0,66,900.0,4.0,0.37,Self Catering,Mid-Range,False,,2026-06-27
91023.0,66,13000.0,1.0,0.14,Self Catering,Luxury,False,,2026-06-27
131032.0,66,750.0,15.0,1.39,Self Catering,Mid-Range,False,,2026-06-27
20740.0,66,882.0,109.0,10.09,Guest House,Mid-Range,False,,2026-06-27
80667.0,66,4000.0,5.0,0.69,Self Catering,Luxury,False,,2026-06-27
17824.0,66,850.0,69.0,6.39,Guest House,Mid-Range,False,,2026-06-27
53679.0,66,1093.0,34.0,3.15,Guest House,Mid-Range,False,,2026-06-27
34996.0,66,980.0,103.0,9.54,Guest House,Mid-Range,False,,2026-06-27
127296.0,66,2115.0,2.0,0.22,Self Catering,Premium,False,,2026-06-27
65367.0,67,5440.0,27.0,3.75,Self Catering,Luxury,False,,2026-06-27
84711.0,67,1050.0,49.0,4.54,Self Catering,Mid-Range,False,,2026-06-27
17160.0,67,99.0,66.0,4.89,Self Catering,Budget,False,,2026-06-27
103595.0,67,4000.0,5.0,0.69,Self Catering,Luxury,False,,2026-06-27
149758.0,67,700.0,3.0,0.28,Self Catering,Mid-Range,False,,2026-06-27
103559.0,67,900.0,18.0,1.67,Self Catering,Mid-Range,False,,2026-06-27
77012.0,67,950.0,29.0,2.69,Self Catering,Mid-Range,False,,2026-06-27
114046.0,67,860.0,16.0,1.48,Self Catering,Mid-Range,False,,2026-06-27
48215.0,67,1400.0,16.0,1.78,Guest House,Premium,False,,2026-06-27
150221.0,67,800.0,0.0,0.0,Self Catering,Mid-Range,False,,2026-06-27
26155.0,68,1000.0,82.0,7.59,Self Catering,Mid-Range,False,,2026-06-27
103689.0,68,1100.0,45.0,4.17,B&B,Mid-Range,False,,2026-06-27
111963.0,68,1785.0,3.0,0.33,Self Catering,Premium,False,,2026-06-27
157539.0,68,1870.0,0.0,0.0,Self Catering,Premium,False,,2026-06-27
122944.0,68,2640.0,5.0,0.69,Self Catering,Luxury,False,,2026-06-27
118423.0,68,3100.0,14.0,1.94,Self Catering,Luxury,False,,2026-06-27
48552.0,68,900.0,73.0,6.76,Self Catering,Mid-Range,False,,2026-06-27
140378.0,68,2500.0,0.0,0.0,Self Catering,Luxury,False,,2026-06-27
34934.0,68,3000.0,58.0,8.06,Self Catering,Luxury,False,,2026-06-27
110258.0,68,2950.0,6.0,0.83,Self Catering,Luxury,False,,2026-06-27
16680.0,69,2700.0,136.0,18.89,Self Catering,Luxury,False,,2026-06-27
117828.0,69,1050.0,4.0,0.37,Self Catering,Mid-Range,False,,2026-06-27
105985.0,69,1388.0,30.0,3.33,Self Catering,Premium,False,,2026-06-27
106388.0,69,1050.0,101.0,9.35,Self Catering,Mid-Range,False,,2026-06-27
29797.0,69,1350.0,86.0,9.56,Self Catering,Premium,False,,2026-06-27
130746.0,69,3086.0,2.0,0.28,Self Catering,Luxury,False,,2026-06-27
30880.0,70,900.0,813.0,75.28,Self Catering,Mid-Range,False,,2026-06-27
16722.0,70,850.0,333.0,30.83,Self Catering,Mid-Range,False,,2026-06-27
16528.0,70,850.0,254.0,23.52,Self Catering,Mid-Range,False,,2026-06-27
85725.0,70,797.0,882.0,81.67,Self Catering,Mid-Range,False,,2026-06-27
16526.0,70,850.0,432.0,40.0,Self Catering,Mid-Range,False,,2026-06-27
82951.0,70,1100.0,198.0,18.33,Guest House,Mid-Range,False,,2026-06-27
18029.0,70,940.0,671.0,62.13,Guest House,Mid-Range,False,,2026-06-27
3295.0,70,1300.0,176.0,19.56,Guest House,Premium,False,,2026-06-27
1831.0,70,1600.0,622.0,69.11,Lodge,Premium,False,,2026-06-27
89049.0,70,1180.0,179.0,16.57,Guest House,Mid-Range,False,,2026-06-27
104221.0,71,1650.0,32.0,3.56,Self Catering,Premium,False,,2026-06-27
79061.0,71,1978.0,25.0,2.78,Hotel,Premium,False,,2026-06-27
27875.0,71,1318.0,16.0,1.78,Guest House,Premium,False,,2026-06-27
9802.0,71,1240.0,144.0,16.0,Guest House,Premium,False,,2026-06-27
15635.0,71,1370.0,131.0,14.56,Guest House,Premium,False,,2026-06-27
11535.0,71,1680.0,90.0,10.0,Lodge,Premium,False,,2026-06-27
4158.0,72,2480.0,47.0,5.22,Self Catering,Premium,False,,2026-06-27
84637.0,72,1500.0,20.0,2.22,Self Catering,Premium,False,,2026-06-27
119933.0,72,5500.0,0.0,0.0,Self Catering,Luxury,False,,2026-06-27
102630.0,72,1400.0,8.0,0.89,Self Catering,Premium,False,,2026-06-27
102210.0,72,3200.0,1.0,0.14,Self Catering,Luxury,False,,2026-06-27
4341.0,72,3800.0,21.0,2.92,Self Catering,Luxury,False,,2026-06-27
149544.0,72,1575.0,1.0,0.11,Self Catering,Premium,False,,2026-06-27
20535.0,72,2700.0,59.0,8.19,Hotel,Luxury,False,,2026-06-27
72721.0,72,3200.0,0.0,0.0,Self Catering,Luxury,False,,2026-06-27
85612.0,72,4200.0,0.0,0.0,Self Catering,Luxury,False,,2026-06-27
26817.0,73,765.0,204.0,18.89,Guest House,Mid-Range,False,,2026-06-27
15385.0,73,990.0,98.0,9.07,Guest House,Mid-Range,False,,2026-06-27
53103.0,73,799.0,98.0,9.07,Self Catering,Mid-Range,False,,2026-06-27
8549.0,73,1500.0,232.0,25.78,Self Catering,Premium,False,,2026-06-27
27051.0,73,1094.0,167.0,15.46,Guest House,Mid-Range,False,,2026-06-27
35395.0,73,1000.0,111.0,10.28,Self Catering,Mid-Range,False,,2026-06-27
89942.0,73,675.0,82.0,6.07,Self Catering,Budget,False,,2026-06-27
16681.0,74,1600.0,102.0,11.33,Self Catering,Premium,False,,2026-06-27
69281.0,74,1700.0,116.0,12.89,Self Catering,Premium,False,,2026-06-27
25482.0,74,2000.0,52.0,5.78,Self Catering,Premium,False,,2026-06-27
98598.0,74,1100.0,135.0,12.5,Self Catering,Mid-Range,False,,2026-06-27
134267.0,74,3500.0,10.0,1.39,Self Catering,Luxury,False,,2026-06-27
139125.0,74,1600.0,12.0,1.33,Self Catering,Premium,False,,2026-06-27
91241.0,74,1500.0,69.0,7.67,Self Catering,Premium,False,,2026-06-27
6605.0,74,1600.0,55.0,6.11,Self Catering,Premium,False,,2026-06-27
138366.0,74,1300.0,17.0,1.89,Self Catering,Premium,False,,2026-06-27
64654.0,74,1550.0,93.0,10.33,Guest House,Premium,False,,2026-06-27
106578.0,75,2040.0,34.0,3.78,Self Catering,Premium,True,15.0,2026-06-27
38366.0,75,940.0,218.0,20.19,Self Catering,Mid-Range,False,,2026-06-27
60459.0,75,3300.0,68.0,9.44,Self Catering,Luxury,False,,2026-06-27
35995.0,75,680.0,102.0,7.56,Self Catering,Budget,True,20.0,2026-06-27
76418.0,75,1460.0,32.0,3.56,Self Catering,Premium,False,,2026-06-27
71941.0,75,975.0,111.0,10.28,Guest House,Mid-Range,False,,2026-06-27
143085.0,75,468.0,7.0,0.52,Self Catering,Budget,True,15.0,2026-06-27
7028.0,76,1140.0,212.0,19.63,Guest House,Mid-Range,True,40.0,2026-06-27
13728.0,76,1400.0,308.0,34.22,Guest House,Premium,False,,2026-06-27
15731.0,76,1700.0,462.0,51.33,Self Catering,Premium,False,,2026-06-27
92567.0,76,720.0,190.0,17.59,Guest House,Mid-Range,False,,2026-06-27
20731.0,76,1200.0,425.0,47.22,Self Catering,Premium,False,,2026-06-27
8418.0,76,1620.0,245.0,27.22,Lodge,Premium,False,,2026-06-27
57903.0,76,2500.0,148.0,20.56,Self Catering,Luxury,False,,2026-06-27
37259.0,76,840.0,281.0,26.02,Self Catering,Mid-Range,False,,2026-06-27
105874.0,76,800.0,73.0,6.76,Self Catering,Mid-Range,False,,2026-06-27
8386.0,76,1750.0,507.0,56.33,Guest House,Premium,False,,2026-06-27
137521.0,77,1450.0,17.0,1.89,Self Catering,Premium,False,,2026-06-27
138347.0,77,1250.0,8.0,0.89,Self Catering,Premium,False,,2026-06-27
13505.0,77,3000.0,193.0,26.81,Hotel,Luxury,False,,2026-06-27
5265.0,77,1400.0,123.0,13.67,Self Catering,Premium,False,,2026-06-27
50539.0,77,920.0,448.0,41.48,Guest House,Mid-Range,False,,2026-06-27
70965.0,77,3392.0,43.0,5.97,Self Catering,Luxury,False,,2026-06-27
16356.0,77,1200.0,211.0,23.44,Self Catering,Premium,False,,2026-06-27
4056.0,77,1180.0,258.0,23.89,Guest House,Mid-Range,False,,2026-06-27
9707.0,77,2900.0,88.0,12.22,Self Catering,Luxury,False,,2026-06-27
118377.0,78,972.0,22.0,2.04,Self Catering,Mid-Range,False,,2026-06-27
21007.0,78,810.0,348.0,32.22,Guest House,Mid-Range,False,,2026-06-27
83062.0,78,950.0,86.0,7.96,Guest House,Mid-Range,False,,2026-06-27
10007.0,78,560.0,323.0,23.93,Self Catering,Budget,False,,2026-06-27
32677.0,78,900.0,439.0,40.65,Guest House,Mid-Range,False,,2026-06-27
6975.0,78,1100.0,185.0,17.13,Self Catering,Mid-Range,False,,2026-06-27
20447.0,78,975.0,333.0,30.83,Guest House,Mid-Range,False,,2026-06-27
22564.0,78,3200.0,51.0,7.08,Self Catering,Luxury,False,,2026-06-27
30523.0,78,600.0,189.0,14.0,Guest House,Budget,False,,2026-06-27
90777.0,78,840.0,101.0,9.35,Self Catering,Mid-Range,False,,2026-06-27
64969.0,79,1300.0,148.0,16.44,Self Catering,Premium,False,,2026-06-27
1484.0,79,893.0,144.0,13.33,Guest House,Mid-Range,False,,2026-06-27
125816.0,79,1020.0,13.0,1.2,Self Catering,Mid-Range,False,,2026-06-27
23608.0,80,2000.0,163.0,18.11,Self Catering,Premium,False,,2026-06-27
80579.0,80,1300.0,30.0,3.33,Self Catering,Premium,False,,2026-06-27
23562.0,80,1300.0,177.0,19.67,Guest House,Premium,False,,2026-06-27
39050.0,80,1092.0,462.0,42.78,Self Catering,Mid-Range,False,,2026-06-27
44098.0,80,2900.0,74.0,10.28,Lodge,Luxury,False,,2026-06-27
136085.0,80,2040.0,10.0,1.11,Self Catering,Premium,False,,2026-06-27
30075.0,80,1200.0,63.0,7.0,Self Catering,Premium,False,,2026-06-27
74749.0,80,2420.0,136.0,15.11,Self Catering,Premium,False,,2026-06-27
102213.0,80,3500.0,27.0,3.75,Self Catering,Luxury,False,,2026-06-27
96532.0,80,1650.0,48.0,5.33,Self Catering,Premium,False,,2026-06-27
102041.0,81,750.0,46.0,4.26,Self Catering,Mid-Range,False,,2026-06-27
27183.0,81,800.0,147.0,13.61,Self Catering,Mid-Range,False,,2026-06-27
130539.0,81,950.0,18.0,1.67,Self Catering,Mid-Range,False,,2026-06-27
98060.0,81,750.0,49.0,4.54,Guest House,Mid-Range,False,,2026-06-27
22887.0,81,995.0,191.0,17.69,Guest House,Mid-Range,False,,2026-06-27
60223.0,81,560.0,133.0,9.85,Self Catering,Budget,False,,2026-06-27
47017.0,81,600.0,167.0,12.37,Hotel,Budget,False,,2026-06-27
12280.0,81,1000.0,132.0,12.22,Guest House,Mid-Range,False,,2026-06-27
11828.0,81,700.0,34.0,3.15,Game Lodge,Mid-Range,False,,2026-06-27
6880.0,81,1530.0,130.0,14.44,Guest House,Premium,False,,2026-06-27
33725.0,82,800.0,268.0,24.81,Self Catering,Mid-Range,False,,2026-06-27
36841.0,82,850.0,102.0,9.44,Guest House,Mid-Range,False,,2026-06-27
5822.0,82,1280.0,277.0,30.78,B&B,Premium,False,,2026-06-27
99149.0,82,1350.0,34.0,3.78,Self Catering,Premium,False,,2026-06-27
18028.0,82,1400.0,79.0,8.78,Guest House,Premium,False,,2026-06-27
79680.0,82,840.0,118.0,10.93,Guest House,Mid-Range,False,,2026-06-27
42354.0,82,875.0,378.0,35.0,Self Catering,Mid-Range,False,,2026-06-27
124009.0,82,1700.0,12.0,1.33,Self Catering,Premium,False,,2026-06-27
145223.0,82,810.0,9.0,0.83,Self Catering,Mid-Range,False,,2026-06-27
7487.0,82,840.0,126.0,11.67,Guest House,Mid-Range,False,,2026-06-27
73608.0,83,950.0,103.0,9.54,Guest House,Mid-Range,False,,2026-06-27
122889.0,83,1100.0,74.0,6.85,Self Catering,Mid-Range,False,,2026-06-27
57837.0,83,1600.0,79.0,8.78,Self Catering,Premium,False,,2026-06-27
35038.0,83,1251.0,37.0,4.11,Hotel,Premium,False,,2026-06-27
132960.0,83,750.0,7.0,0.65,Self Catering,Mid-Range,False,,2026-06-27
142272.0,83,580.0,2.0,0.15,Self Catering,Budget,False,,2026-06-27
151355.0,83,834.0,2.0,0.19,Self Catering,Mid-Range,False,,2026-06-27
139818.0,83,1350.0,20.0,2.22,Self Catering,Premium,False,,2026-06-27
124019.0,83,2050.0,6.0,0.67,Self Catering,Premium,False,,2026-06-27
134629.0,84,1000.0,7.0,0.65,Self Catering,Mid-Range,False,,2026-06-27
39003.0,84,980.0,191.0,17.69,Self Catering,Mid-Range,False,,2026-06-27
146827.0,84,800.0,0.0,0.0,Guest House,Mid-Range,False,,2026-06-27
145751.0,84,600.0,6.0,0.44,Self Catering,Budget,False,,2026-06-27
61678.0,84,1100.0,26.0,2.41,Guest House,Mid-Range,False,,2026-06-27
114634.0,84,4200.0,15.0,2.08,Self Catering,Luxury,False,,2026-06-27
143467.0,84,1725.0,4.0,0.44,Guest House,Premium,False,,2026-06-27
17181.0,84,1150.0,25.0,2.31,Guest House,Mid-Range,False,,2026-06-27
67298.0,84,750.0,8.0,0.74,Guest House,Mid-Range,False,,2026-06-27
131042.0,84,1395.0,1.0,0.11,B&B,Premium,False,,2026-06-27
63469.0,85,1363.0,83.0,9.22,Guest House,Premium,False,,2026-06-27
32894.0,85,2450.0,46.0,5.11,Guest House,Premium,False,,2026-06-27
91273.0,85,920.0,82.0,7.59,Guest House,Mid-Range,False,,2026-06-27
9073.0,85,245.0,290.0,21.48,Self Catering,Budget,False,,2026-06-27
103227.0,85,1600.0,54.0,6.0,Self Catering,Premium,False,,2026-06-27
141054.0,85,1200.0,13.0,1.44,Self Catering,Premium,False,,2026-06-27
61241.0,85,1400.0,67.0,7.44,Self Catering,Premium,False,,2026-06-27
82682.0,85,900.0,49.0,4.54,Guest House,Mid-Range,False,,2026-06-27
14027.0,85,1250.0,106.0,11.78,Self Catering,Premium,False,,2026-06-27
89362.0,85,1450.0,15.0,1.67,Self Catering,Premium,False,,2026-06-27
3239.0,86,1330.0,50.0,5.56,Lodge,Premium,True,30.0,2026-06-27
15787.0,86,756.0,207.0,19.17,Guest House,Mid-Range,False,,2026-06-27
124892.0,86,2150.0,30.0,3.33,Self Catering,Premium,False,,2026-06-27
114080.0,86,6680.0,9.0,1.25,Lodge,Luxury,False,,2026-06-27
83613.0,86,990.0,13.0,1.2,Self Catering,Mid-Range,False,,2026-06-27
23447.0,86,990.0,271.0,25.09,Self Catering,Mid-Range,False,,2026-06-27
7390.0,86,1250.0,131.0,14.56,Hotel,Premium,False,,2026-06-27
31610.0,87,648.0,260.0,19.26,Lodge,Budget,True,40.0,2026-06-27
6794.0,87,1002.0,356.0,32.96,Self Catering,Mid-Range,False,,2026-06-27
109476.0,87,250.0,64.0,4.74,Self Catering,Budget,False,,2026-06-27
127269.0,87,1122.0,8.0,0.74,Self Catering,Mid-Range,True,40.0,2026-06-27
115939.0,87,1950.0,22.0,2.44,Guest House,Premium,False,,2026-06-27
87272.0,87,1450.0,49.0,5.44,Self Catering,Premium,False,,2026-06-27
34803.0,87,1100.0,257.0,23.8,Self Catering,Mid-Range,False,,2026-06-27
157113.0,87,1230.0,0.0,0.0,Self Catering,Premium,False,,2026-06-27
3949.0,87,1190.0,154.0,14.26,Self Catering,Mid-Range,False,,2026-06-27
106657.0,87,800.0,74.0,6.85,B&B,Mid-Range,False,,2026-06-27
117082.0,88,630.0,23.0,1.7,Self Catering,Budget,False,,2026-06-27
119749.0,88,3010.0,6.0,0.83,Self Catering,Luxury,False,,2026-06-27
6051.0,88,1200.0,138.0,15.33,Self Catering,Premium,False,,2026-06-27
137791.0,88,1060.0,5.0,0.46,Guest House,Mid-Range,False,,2026-06-27
28898.0,88,390.0,194.0,14.37,Lodge,Budget,False,,2026-06-27
11504.0,88,1550.0,262.0,29.11,Self Catering,Premium,False,,2026-06-27
7525.0,88,460.0,34.0,2.52,Self Catering,Budget,False,,2026-06-27
119193.0,88,1450.0,8.0,0.89,Self Catering,Premium,False,,2026-06-27
119747.0,88,2610.0,3.0,0.42,Self Catering,Luxury,False,,2026-06-27
119742.0,88,1450.0,4.0,0.44,Self Catering,Premium,False,,2026-06-27
4754.0,89,2584.0,406.0,56.39,Self Catering,Luxury,False,,2026-06-27
76710.0,89,1800.0,64.0,7.11,Guest House,Premium,False,,2026-06-27
119984.0,89,1553.0,9.0,1.0,Self Catering,Premium,False,,2026-06-27
36957.0,89,800.0,339.0,31.39,Self Catering,Mid-Range,False,,2026-06-27
20628.0,89,1995.0,116.0,12.89,Hotel,Premium,False,,2026-06-27
106459.0,89,1700.0,18.0,2.0,Guest House,Premium,False,,2026-06-27
119667.0,89,3600.0,6.0,0.83,Self Catering,Luxury,False,,2026-06-27
135234.0,89,1200.0,28.0,3.11,Self Catering,Premium,False,,2026-06-27
35430.0,89,1380.0,46.0,5.11,Self Catering,Premium,False,,2026-06-27
119988.0,89,2584.0,1.0,0.14,Self Catering,Luxury,False,,2026-06-27
122060.0,90,1650.0,24.0,2.67,Self Catering,Premium,False,,2026-06-27
82501.0,90,1200.0,212.0,23.56,Self Catering,Premium,False,,2026-06-27
96014.0,90,1050.0,166.0,15.37,Lodge,Mid-Range,False,,2026-06-27
121404.0,90,1100.0,32.0,2.96,Self Catering,Mid-Range,False,,2026-06-27
149729.0,90,1590.0,8.0,0.89,Self Catering,Premium,False,,2026-06-27
155235.0,90,1200.0,0.0,0.0,Guest House,Premium,False,,2026-06-27
123943.0,91,1000.0,27.0,2.5,Self Catering,Mid-Range,False,,2026-06-27
80725.0,91,2700.0,64.0,8.89,Guest House,Luxury,False,,2026-06-27
110983.0,91,1588.0,21.0,2.33,Self Catering,Premium,False,,2026-06-27
129058.0,91,882.0,30.0,2.78,Self Catering,Mid-Range,False,,2026-06-27
98865.0,91,2665.0,37.0,5.14,Self Catering,Luxury,False,,2026-06-27
73976.0,91,1250.0,115.0,12.78,Self Catering,Premium,False,,2026-06-27
139195.0,91,2000.0,8.0,0.89,Self Catering,Premium,False,,2026-06-27
93758.0,92,1400.0,44.0,4.89,Guest House,Premium,False,,2026-06-27
124769.0,92,900.0,21.0,1.94,Self Catering,Mid-Range,False,,2026-06-27
140010.0,92,938.0,7.0,0.65,Self Catering,Mid-Range,False,,2026-06-27
53187.0,92,1280.0,99.0,11.0,Guest House,Premium,False,,2026-06-27
79058.0,92,1500.0,38.0,4.22,Self Catering,Premium,False,,2026-06-27
80869.0,92,920.0,14.0,1.3,Self Catering,Mid-Range,False,,2026-06-27
73259.0,92,9500.0,2.0,0.28,Self Catering,Luxury,False,,2026-06-27
11525.0,92,1300.0,45.0,5.0,B&B,Premium,False,,2026-06-27
3522.0,92,1400.0,25.0,2.78,B&B,Premium,False,,2026-06-27
101873.0,92,4500.0,11.0,1.53,Self Catering,Luxury,False,,2026-06-27
147622.0,93,1368.0,3.0,0.33,Self Catering,Premium,False,,2026-06-27
117591.0,93,1313.0,15.0,1.67,Self Catering,Premium,False,,2026-06-27
76108.0,93,1350.0,36.0,4.0,Self Catering,Premium,False,,2026-06-27
35464.0,93,3321.0,2.0,0.28,Self Catering,Luxury,False,,2026-06-27
90289.0,93,880.0,67.0,6.2,Guest House,Mid-Range,False,,2026-06-27
9158.0,93,2200.0,95.0,10.56,Self Catering,Premium,False,,2026-06-27
17206.0,93,2250.0,56.0,6.22,Self Catering,Premium,False,,2026-06-27
23284.0,93,2800.0,39.0,5.42,Self Catering,Luxury,False,,2026-06-27
94612.0,93,550.0,6.0,0.44,Self Catering,Budget,False,,2026-06-27
5309.0,93,560.0,33.0,2.44,Backpacker,Budget,False,,2026-06-27
15397.0,94,2000.0,58.0,6.44,Self Catering,Premium,False,,2026-06-27
62179.0,94,1334.0,10.0,1.11,Self Catering,Premium,False,,2026-06-27
62037.0,94,4300.0,40.0,5.56,Self Catering,Luxury,False,,2026-06-27
26223.0,94,1334.0,16.0,1.78,Self Catering,Premium,False,,2026-06-27
67148.0,94,1600.0,11.0,1.22,Self Catering,Premium,False,,2026-06-27
47745.0,94,1875.0,11.0,1.22,Self Catering,Premium,False,,2026-06-27
94631.0,94,900.0,21.0,1.94,Self Catering,Mid-Range,False,,2026-06-27
48575.0,94,2845.0,38.0,5.28,Self Catering,Luxury,False,,2026-06-27
88631.0,94,2950.0,38.0,5.28,Self Catering,Luxury,False,,2026-06-27
23843.0,95,709.0,62.0,5.74,Self Catering,Mid-Range,False,,2026-06-27
104084.0,95,1540.0,14.0,1.56,Self Catering,Premium,True,30.0,2026-06-27
54017.0,95,1467.0,50.0,5.56,Self Catering,Premium,False,,2026-06-27
73954.0,95,1970.0,36.0,4.0,Self Catering,Premium,False,,2026-06-27
60137.0,95,12550.0,3.0,0.42,Self Catering,Luxury,False,,2026-06-27
124386.0,95,1934.0,9.0,1.0,Self Catering,Premium,False,,2026-06-27
54016.0,95,6667.0,12.0,1.67,Self Catering,Luxury,False,,2026-06-27
67758.0,95,4334.0,12.0,1.67,Self Catering,Luxury,False,,2026-06-27
140957.0,95,1300.0,2.0,0.22,Self Catering,Premium,False,,2026-06-27
125636.0,95,1667.0,1.0,0.11,Self Catering,Premium,False,,2026-06-27
2873.0,96,1568.0,201.0,22.33,Hotel,Premium,False,,2026-06-27
52399.0,96,4000.0,12.0,1.67,Self Catering,Luxury,False,,2026-06-27
116196.0,96,4550.0,5.0,0.69,Self Catering,Luxury,True,30.0,2026-06-27
6467.0,96,500.0,182.0,13.48,Hotel,Budget,False,,2026-06-27
100656.0,96,3600.0,2.0,0.28,Self Catering,Luxury,False,,2026-06-27
48362.0,96,938.0,15.0,1.39,Self Catering,Mid-Range,False,,2026-06-27
2965.0,96,1752.0,79.0,8.78,Guest House,Premium,False,,2026-06-27
153370.0,96,1080.0,0.0,0.0,Self Catering,Mid-Range,False,,2026-06-27
18818.0,96,1680.0,28.0,3.11,Self Catering,Premium,False,,2026-06-27
72773.0,97,1250.0,35.0,3.89,Guest House,Premium,False,,2026-06-27
79469.0,97,900.0,156.0,14.44,Self Catering,Mid-Range,False,,2026-06-27
20183.0,97,2000.0,95.0,10.56,Self Catering,Premium,True,33.0,2026-06-27
126166.0,97,1900.0,12.0,1.33,Self Catering,Premium,False,,2026-06-27
22226.0,97,1200.0,112.0,12.44,Self Catering,Premium,False,,2026-06-27
91334.0,97,3500.0,44.0,6.11,Self Catering,Luxury,False,,2026-06-27
10858.0,97,1150.0,144.0,13.33,Self Catering,Mid-Range,False,,2026-06-27
75565.0,97,2600.0,52.0,7.22,Self Catering,Luxury,False,,2026-06-27
128248.0,97,3400.0,10.0,1.39,Self Catering,Luxury,False,,2026-06-27
97283.0,98,560.0,42.0,3.11,Self Catering,Budget,False,,2026-06-27
26393.0,98,1120.0,76.0,7.04,B&B,Mid-Range,False,,2026-06-27
20815.0,98,1690.0,118.0,13.11,Resort,Premium,False,,2026-06-27
52098.0,98,1400.0,39.0,4.33,B&B,Premium,False,,2026-06-27
113728.0,98,975.0,38.0,3.52,Self Catering,Mid-Range,False,,2026-06-27
42147.0,98,2350.0,14.0,1.56,Self Catering,Premium,False,,2026-06-27
96281.0,98,934.0,12.0,1.11,Self Catering,Mid-Range,False,,2026-06-27
20104.0,98,3375.0,12.0,1.67,Hotel,Luxury,False,,2026-06-27
85646.0,98,2690.0,62.0,8.61,Self Catering,Luxury,False,,2026-06-27
24824.0,99,638.0,123.0,9.11,Self Catering,Budget,False,,2026-06-27
101840.0,99,1200.0,57.0,6.33,Self Catering,Premium,False,,2026-06-27
83526.0,99,1520.0,17.0,1.89,Self Catering,Premium,False,,2026-06-27
125614.0,99,1440.0,16.0,1.78,Self Catering,Premium,False,,2026-06-27
103160.0,99,2200.0,30.0,3.33,Self Catering,Premium,False,,2026-06-27
58579.0,99,700.0,102.0,9.44,Self Catering,Mid-Range,False,,2026-06-27
131229.0,99,2800.0,31.0,4.31,Self Catering,Luxury,False,,2026-06-27
104448.0,99,3594.0,6.0,0.83,Self Catering,Luxury,False,,2026-06-27
9352.0,100,1625.0,84.0,9.33,Self Catering,Premium,False,,2026-06-27
3378.0,100,800.0,54.0,5.0,Self Catering,Mid-Range,False,,2026-06-27
43173.0,100,3500.0,56.0,7.78,Self Catering,Luxury,False,,2026-06-27
56413.0,100,6640.0,14.0,1.94,Self Catering,Luxury,False,,2026-06-27
46461.0,100,2640.0,31.0,4.31,Self Catering,Luxury,False,,2026-06-27
57616.0,100,3438.0,19.0,2.64,B&B,Luxury,False,,2026-06-27
89187.0,101,1020.0,33.0,3.06,Self Catering,Mid-Range,True,15.0,2026-06-27
62162.0,101,1150.0,35.0,3.24,Self Catering,Mid-Range,False,,2026-06-27
41587.0,101,855.0,110.0,10.19,Self Catering,Mid-Range,False,,2026-06-27
116987.0,101,850.0,20.0,1.85,Self Catering,Mid-Range,False,,2026-06-27
100665.0,101,806.0,45.0,4.17,Guest House,Mid-Range,False,,2026-06-27
98658.0,101,1100.0,2.0,0.19,Self Catering,Mid-Range,False,,2026-06-27
112655.0,101,760.0,44.0,4.07,Self Catering,Mid-Range,False,,2026-06-27
140689.0,101,1742.0,2.0,0.22,Self Catering,Premium,False,,2026-06-27
100012.0,101,1500.0,2.0,0.22,Self Catering,Premium,False,,2026-06-27
147208.0,101,1700.0,1.0,0.11,Self Catering,Premium,False,,2026-06-27
93237.0,102,3360.0,11.0,1.53,Self Catering,Luxury,False,,2026-06-27
128651.0,102,1050.0,24.0,2.22,Self Catering,Mid-Range,True,40.0,2026-06-27
51584.0,102,1920.0,39.0,4.33,Guest House,Premium,False,,2026-06-27
69565.0,102,2890.0,22.0,3.06,Self Catering,Luxury,False,,2026-06-27
12099.0,102,600.0,380.0,28.15,Self Catering,Budget,False,,2026-06-27
3686.0,102,600.0,198.0,14.67,Self Catering,Budget,False,,2026-06-27
26605.0,102,3900.0,57.0,7.92,Self Catering,Luxury,False,,2026-06-27
86935.0,102,1530.0,46.0,5.11,Self Catering,Premium,False,,2026-06-27
42011.0,102,1360.0,45.0,5.0,Self Catering,Premium,False,,2026-06-27
117008.0,103,845.0,35.0,3.24,Self Catering,Mid-Range,False,,2026-06-27
76166.0,103,4850.0,45.0,6.25,Self Catering,Luxury,False,,2026-06-27
96873.0,103,1020.0,71.0,6.57,Self Catering,Mid-Range,False,,2026-06-27
109837.0,103,795.0,57.0,5.28,Self Catering,Mid-Range,False,,2026-06-27
72844.0,103,984.0,147.0,13.61,Self Catering,Mid-Range,False,,2026-06-27
147633.0,103,1680.0,5.0,0.56,Self Catering,Premium,True,40.0,2026-06-27
26205.0,103,1310.0,277.0,30.78,Self Catering,Premium,False,,2026-06-27
58274.0,104,1360.0,76.0,8.44,Self Catering,Premium,False,,2026-06-27
157571.0,104,2950.0,0.0,0.0,Self Catering,Luxury,False,,2026-06-27
117314.0,104,2100.0,17.0,1.89,Self Catering,Premium,False,,2026-06-27
78358.0,104,1200.0,78.0,8.67,Self Catering,Premium,False,,2026-06-27
104071.0,104,1900.0,43.0,4.78,Self Catering,Premium,False,,2026-06-27
39906.0,104,2950.0,33.0,4.58,Self Catering,Luxury,False,,2026-06-27
16760.0,104,850.0,106.0,9.81,Self Catering,Mid-Range,False,,2026-06-27
79854.0,104,2750.0,49.0,6.81,Self Catering,Luxury,False,,2026-06-27
150961.0,104,2700.0,2.0,0.28,Self Catering,Luxury,False,,2026-06-27
20324.0,104,1990.0,53.0,5.89,Self Catering,Premium,False,,2026-06-27
13923.0,105,6000.0,26.0,3.61,Self Catering,Luxury,False,,2026-06-27
60927.0,105,1050.0,39.0,3.61,Self Catering,Mid-Range,False,,2026-06-27
91945.0,105,2900.0,31.0,4.31,Self Catering,Luxury,False,,2026-06-27
55979.0,105,1700.0,41.0,4.56,Self Catering,Premium,False,,2026-06-27
81724.0,105,2250.0,1.0,0.11,Self Catering,Premium,False,,2026-06-27
75863.0,105,1595.0,34.0,3.78,Self Catering,Premium,False,,2026-06-27
118388.0,105,842.0,47.0,4.35,Self Catering,Mid-Range,False,,2026-06-27
113829.0,105,649.0,4.0,0.3,Self Catering,Budget,False,,2026-06-27
26147.0,105,2300.0,45.0,5.0,Self Catering,Premium,False,,2026-06-27
58813.0,105,600.0,130.0,9.63,Self Catering,Budget,False,,2026-06-27
70032.0,106,8100.0,32.0,4.44,Self Catering,Luxury,False,,2026-06-27
18744.0,106,1215.0,48.0,5.33,Self Catering,Premium,False,,2026-06-27
34448.0,106,3000.0,26.0,3.61,Self Catering,Luxury,False,,2026-06-27
27620.0,106,2550.0,61.0,8.47,Self Catering,Luxury,False,,2026-06-27
36363.0,106,800.0,58.0,5.37,Self Catering,Mid-Range,False,,2026-06-27
144600.0,106,900.0,3.0,0.28,Self Catering,Mid-Range,False,,2026-06-27
92198.0,106,1800.0,21.0,2.33,Self Catering,Premium,False,,2026-06-27
43682.0,106,2500.0,41.0,5.69,Self Catering,Luxury,False,,2026-06-27
151591.0,106,1294.0,2.0,0.22,Guest House,Premium,False,,2026-06-27
27619.0,106,2063.0,37.0,4.11,Self Catering,Premium,False,,2026-06-27
98406.0,107,834.0,21.0,1.94,Self Catering,Mid-Range,False,,2026-06-27
44312.0,107,1800.0,23.0,2.56,Self Catering,Premium,False,,2026-06-27
9946.0,107,1296.0,77.0,8.56,Self Catering,Premium,False,,2026-06-27
98067.0,107,1241.0,28.0,3.11,Self Catering,Premium,False,,2026-06-27
11926.0,107,1960.0,73.0,8.11,Self Catering,Premium,False,,2026-06-27
19574.0,107,1071.0,53.0,4.91,Self Catering,Mid-Range,False,,2026-06-27
41074.0,107,1300.0,73.0,8.11,Self Catering,Premium,False,,2026-06-27
132439.0,107,1400.0,6.0,0.67,Self Catering,Premium,False,,2026-06-27
95008.0,107,900.0,36.0,3.33,Self Catering,Mid-Range,False,,2026-06-27
49799.0,107,1350.0,14.0,1.56,Self Catering,Premium,False,,2026-06-27
77027.0,108,934.0,44.0,4.07,Guest House,Mid-Range,False,,2026-06-27
45796.0,108,4500.0,47.0,6.53,Self Catering,Luxury,False,,2026-06-27
108080.0,108,2550.0,31.0,4.31,Self Catering,Luxury,False,,2026-06-27
63039.0,108,1200.0,161.0,17.89,Self Catering,Premium,False,,2026-06-27
9146.0,108,3500.0,139.0,19.31,Self Catering,Luxury,False,,2026-06-27
116031.0,108,1020.0,29.0,2.69,Self Catering,Mid-Range,False,,2026-06-27
19939.0,108,1000.0,262.0,24.26,Self Catering,Mid-Range,False,,2026-06-27
6953.0,108,1100.0,211.0,19.54,Guest House,Mid-Range,False,,2026-06-27
81355.0,108,875.0,185.0,17.13,Self Catering,Mid-Range,False,,2026-06-27
108667.0,108,4000.0,10.0,1.39,Self Catering,Luxury,False,,2026-06-27
147561.0,109,1575.0,8.0,0.89,Self Catering,Premium,False,,2026-06-27
32952.0,109,1403.0,116.0,12.89,Self Catering,Premium,False,,2026-06-27
99016.0,109,2395.0,28.0,3.11,Self Catering,Premium,False,,2026-06-27
141315.0,109,1494.0,7.0,0.78,Self Catering,Premium,False,,2026-06-27
29995.0,109,360.0,177.0,13.11,Self Catering,Budget,False,,2026-06-27
122908.0,109,1595.0,13.0,1.44,Self Catering,Premium,False,,2026-06-27
134372.0,109,3396.0,20.0,2.78,Self Catering,Luxury,False,,2026-06-27
140987.0,109,2684.0,2.0,0.28,Self Catering,Luxury,False,,2026-06-27
133173.0,109,4500.0,9.0,1.25,Self Catering,Luxury,False,,2026-06-27
151034.0,109,1500.0,2.0,0.22,Self Catering,Premium,False,,2026-06-27
74690.0,110,1600.0,40.0,4.44,Self Catering,Premium,False,,2026-06-27
43283.0,110,1700.0,101.0,11.22,Self Catering,Premium,False,,2026-06-27
3322.0,110,3000.0,54.0,7.5,Self Catering,Luxury,False,,2026-06-27
95771.0,110,2000.0,21.0,2.33,Self Catering,Premium,False,,2026-06-27
130110.0,110,1120.0,21.0,1.94,Self Catering,Mid-Range,False,,2026-06-27
85409.0,110,750.0,72.0,6.67,Self Catering,Mid-Range,False,,2026-06-27
108008.0,110,1750.0,25.0,2.78,Self Catering,Premium,False,,2026-06-27
99500.0,110,1368.0,36.0,4.0,Self Catering,Premium,False,,2026-06-27
121903.0,110,1467.0,8.0,0.89,Self Catering,Premium,False,,2026-06-27
40669.0,111,935.0,64.0,5.93,Self Catering,Mid-Range,False,,2026-06-27
5445.0,111,1746.0,100.0,11.11,Lodge,Premium,False,,2026-06-27
13114.0,111,935.0,140.0,12.96,Self Catering,Mid-Range,False,,2026-06-27
10582.0,111,1350.0,154.0,17.11,Self Catering,Premium,False,,2026-06-27
148438.0,111,1000.0,0.0,0.0,Self Catering,Mid-Range,False,,2026-06-27
130727.0,111,1980.0,1.0,0.11,Self Catering,Premium,False,,2026-06-27
19394.0,111,1300.0,251.0,27.89,Hotel,Premium,False,,2026-06-27
148599.0,111,750.0,2.0,0.19,Self Catering,Mid-Range,False,,2026-06-27
11223.0,111,650.0,460.0,34.07,Guest House,Budget,False,,2026-06-27
142286.0,111,1380.0,7.0,0.78,Self Catering,Premium,False,,2026-06-27
,112,,0.0,0.0,Guest House,Unknown,False,,2026-06-27
48284.0,113,600.0,53.0,3.93,Self Catering,Budget,False,,2026-06-27
145160.0,113,775.0,3.0,0.28,Self Catering,Mid-Range,False,,2026-06-27
153802.0,113,698.0,0.0,0.0,Self Catering,Budget,False,,2026-06-27
86203.0,113,5000.0,3.0,0.42,Self Catering,Luxury,False,,2026-06-27
88737.0,113,1300.0,31.0,3.44,Self Catering,Premium,False,,2026-06-27
132683.0,113,750.0,7.0,0.65,Guest House,Mid-Range,False,,2026-06-27
130450.0,113,3000.0,0.0,0.0,Self Catering,Luxury,False,,2026-06-27
111116.0,113,5200.0,0.0,0.0,Self Catering,Luxury,False,,2026-06-27
54056.0,113,1050.0,12.0,1.11,Self Catering,Mid-Range,False,,2026-06-27
101480.0,113,1550.0,7.0,0.78,Self Catering,Premium,False,,2026-06-27
137793.0,114,1600.0,67.0,7.44,Self Catering,Premium,False,,2026-06-27
118532.0,114,790.0,64.0,5.93,Self Catering,Mid-Range,False,,2026-06-27
120343.0,114,750.0,41.0,3.8,B&B,Mid-Range,False,,2026-06-27
92592.0,114,700.0,58.0,5.37,Self Catering,Mid-Range,False,,2026-06-27
14858.0,114,850.0,142.0,13.15,Guest House,Mid-Range,False,,2026-06-27
106727.0,114,1800.0,76.0,8.44,Self Catering,Premium,False,,2026-06-27
29034.0,114,800.0,421.0,38.98,Self Catering,Mid-Range,False,,2026-06-27
13047.0,114,850.0,59.0,5.46,Guest House,Mid-Range,False,,2026-06-27
34939.0,114,750.0,305.0,28.24,Self Catering,Mid-Range,False,,2026-06-27
75110.0,114,950.0,121.0,11.2,Self Catering,Mid-Range,False,,2026-06-27
